num_itr,sup_err
80,0.09295229613780981
110,0.07621845602989202
160,0.06082540005445485
300,0.048950567841529895
670,0.04006058722734456
1410,0.03035159409046178
2880,0.022839270532131244
5190,0.016795746982097674
9420,0.01187879592180257
17200,0.008144319057464648
