num_itr,sup_err
90,0.145929366350174
160,0.10539874434471136
290,0.07800197601318365
550,0.05872463434934621
1070,0.044664345681667376
2050,0.03408602625131612
3980,0.025242798030376483
7410,0.01809663325548177
12990,0.012975089251995135
22300,0.008951604366302539
38480,0.005372740328311969
69270,0.003070488572120715
