num_itr,sup_err
80,0.0940170586109162
110,0.07825493812561041
180,0.0595888420939446
310,0.04952919483184819
700,0.03975839912891393
1270,0.030136473476886798
2710,0.022491000592708636
5120,0.016932755708694507
9520,0.011961139738559771
16900,0.008156217634677936
30650,0.005115702748298694
70010,0.0027505904436111936
